29,001,0001,AMAXAC DE GUERRERO
29,001,0002,SAN DAMIAN TLACOCALPAN
29,001,0012,LA PRECIOSA [RANCHO]
29,001,0013,AMINTLA
29,002,0001,APETATITLAN
29,002,0002,BELEN ATZITZIMITITLAN
29,002,0003,SAN MATIAS TEPETOMATITLAN
29,002,0004,TECOLOTLA
29,002,0005,TLATEMPAN
29,002,0006,LA LOMA [COLONIA]
29,003,0001,ATLANGATEPEC
29,003,0004,SEGUNDA FRACCION DE OLIVARES
29,003,0006,EX-HACIENDA SAN JOSE ATLANGA
29,003,0007,COLONIA AGRICOLA SAN LUIS
29,003,0008,SAN PEDRO ECATEPEC
29,003,0010,SANTA CLARA OZUMBA
29,003,0011,SANTA MARIA TEPETZALA
29,003,0012,SAN JOSE DE SANTA ROSA ZACAPEXCO
29,003,0013,EX-HACIENDA SAN ANTONIO TEPETZALA
29,003,0014,COLONIA BENITO JUAREZ (TEZOYO)
29,003,0015,TLALMIMILOLPAN
29,003,0017,LA TRASQUILA
29,003,0018,SANTIAGO VILLALTA
29,003,0019,VISTA HERMOSA
29,003,0021,EX-HACIENDA DE ZOCAC
29,003,0022,ZUMPANGO
29,003,0023,SAN JOSE DE SANTA ROSA
29,003,0024,EL PARAISO
29,003,0025,LA CAÑADA
29,003,0026,CERRO DE LAS FLORES
29,003,0027,EX-HACIENDA LA TRASQUILA
29,003,0028,EL OCOTAL
29,003,0029,SANTA ELENA
29,003,0030,TENOPALA [RANCHO]
29,003,0031,VILLA DE LAS FLORES
29,003,0032,COLONIA LOMA BONITA
29,003,0033,JERICO [RANCHO]
29,003,0034,GUADIANA [RANCHO]
29,003,0035,SAN ANTONIO ZACAPEXCO
29,003,0036,XUXTEPEC
29,003,0037,LA FLOR [RANCHO]
29,003,0038,EL FUERTE APACHE [CENTRO TURISTICO]
29,003,0040,CUARTA FRACCION DE OLIVARES
29,003,0041,LA CUCHILLA (EL ALCANFOR)
29,003,0042,FRACCION SAN PEDRO ECATEPEC
29,003,0043,JOSE RODRIGUEZ
29,003,0044,LOMA BONITA ZACAPEXCO
29,003,0045,SABINO GRANDE (EL CARMEN)
29,003,0046,MAURO VAZQUEZ
29,003,0048,VILLA QUINTA OLIVARES [CENTRO VACACIONAL]
29,003,0049,XALNENE [RANCHO]
29,003,0050,LA HERRADURA [RANCHO]
29,003,0051,SAN FELIPE [RANCHO]
29,003,0053,LOS PATOS [RANCHO]
29,003,0055,ZACAPEXCO (LA SOLEDAD)
29,003,0056,TEPITZILAPA
29,003,0057,TERCERA FRACCION DE OLIVARES
29,003,0058,LA TROJE
29,003,0059,LA CASA ROJA
29,003,0060,LA LOMA (EL CERRITO)
29,003,0064,LA CAÑADA [RANCHO]
29,003,0065,EL CATORCE
29,003,0068,FRANCISCO ESPINOZA ELIZALDE
29,003,0069,SAN ISIDRO LA GASCA
29,003,0070,EL HUERFANO
29,003,0072,SAN MARCOS
29,003,0074,EL OCOTE
29,003,0075,EL RECUERDO [RANCHO]
29,003,0077,RANCHITO DEL MONTE
29,003,0080,EL ENCINO [RANCHO]
29,003,0081,EL OCOTE [RANCHO]
29,003,0082,EL POTRERO [RANCHO]
29,003,0083,LA PALMA
29,003,0084,LAS BARRANCAS [RANCHO]
29,003,0085,LAS TINAJAS [RANCHO]
29,003,0086,LOS CAPULINES [RANCHO]
29,003,0087,LOS ENCINOS [RANCHO]
29,003,0088,LOS NOPALITOS [RANCHO]
29,003,0089,SAN FRANCISCO [RANCHO]
29,003,0090,FILEMON HERNANDEZ
29,003,0092,SAN SIMON
29,003,0094,LAS TINAJAS (LA TEPOZANERA)
29,003,0095,VISTA HERMOSA
29,003,0096,LUIS ECHEVERRIA [ESTABLO BOVINO]
29,003,0097,SAN FELIPE
29,003,0098,ATLANGATEPEC [GASOLINERA]
29,003,0099,EL ALEMAN
29,003,0101,EL MIRADOR
29,003,0102,LA PROVIDENCIA
29,003,0104,SAMUEL OREA (RANCHO EL PATO)
29,003,0105,LA JOYA
29,003,0106,SAN JOSE
29,003,0107,UNIDAD HABITACIONAL I
29,003,0108,ALMEYA
29,003,0109,EL CAPRICHO
29,003,0110,EL COLIBRI
29,003,0111,EL HERRADERO
29,003,0112,LA VACA PRIETA
29,003,0113,LOS CUATRO HERMANOS [RANCHO]
29,003,0114,SAN ANTONIO ZACAPEXCO (SAN PEDRO ZACAPEXCO)
29,003,0115,EL CENZONTLE (LOS TRES POCILLOS)
29,003,0116,CAMINO REAL
29,003,0117,LAS CABAÑAS
29,003,0118,JESUS GARCIA
29,003,0119,VILLA ESPERANZA [RANCHO]
29,003,0120,TERCERA SECCION DE VAIVEN
29,003,0121,ALCATRACES
29,003,0122,FINCA EL CRISTO
29,003,0123,LOS ARBOLITOS [RANCHO]
29,003,0124,PAZO DA LYZ E DO SANCI
29,003,0125,DEMETRIO FLORES
29,003,0126,EL EMBARCADERO
29,003,0127,FRANCISCO VAZQUEZ JIMENEZ
29,003,0128,GREGORIO HERRERA
29,003,0129,HORTENCIA PALAFOX GONZALEZ
29,003,0130,LAS CARIDADES
29,003,0131,SAN ISIDRO
29,003,0132,TEPIZIL (SAN PEDRO)
29,003,0133,CERRO DE LA CANTERA
29,003,0134,GRANJA AVICOLA COCOTLA
29,003,0135,SANTA ROSA [RANCHO]
29,003,0136,LA ESCOBILLERA
29,003,0137,LA HUERTA [RANCHO]
29,003,0138,RANCHO DE LA CARIDAD
29,004,0001,ATLZAYANCA
29,004,0002,SAN FRANCISCO AXOPILCO
29,004,0003,SAN JOSE BUENAVISTA
29,004,0004,CONCEPCION HIDALGO
29,004,0005,FELIPE CARRILLO PUERTO
29,004,0006,LA GARITA
29,004,0007,LAZARO CARDENAS
29,004,0008,MESA REDONDA
29,004,0009,MIAHUAPAN EL BAJO
29,004,0010,NEXNOPALA
29,004,0011,OCOTLA [RANCHO]
29,004,0015,LA RINCONA
29,004,0016,SAN ANTONIO TECOPILCO
29,004,0018,SAN JOSE XALASCO
29,004,0019,SAN JUAN OCOTITLA
29,004,0020,SANTA CRUZ POCITOS
29,004,0021,SANTA MARIA LAS CUEVAS
29,004,0023,XALTITLA
29,004,0024,COLONIA DELICIAS
29,004,0028,SAN JOSE PILANCON
29,004,0030,RANCHO BLANCO
29,004,0031,GUADALUPE [RANCHO]
29,004,0032,EL MIRADOR
29,004,0037,RANCHERIA DE POCITOS
29,004,0039,SANTA MARTHA [RANCHO]
29,004,0042,CARRETA
29,004,0043,XARERO XALTITLA
29,004,0046,MAZEHUALPA
29,004,0049,LOMA DE JUNGUITO
29,004,0050,SAN MIGUEL FRANCO [RANCHERIA]
29,004,0051,MIAHUAPAN EL ALTO
29,004,0052,COLONIA NAZARETH
29,004,0055,SAN JOSE MIRAVALLE
29,004,0058,LA HIGUERA
29,004,0064,SAN ANTONIO ZOAPILA
29,004,0066,SANTA VIVIANA [RANCHO]
29,004,0076,EL SALTO
29,004,0079,SANTA MARGARITA [RANCHO]
29,004,0081,AMPARITO
29,004,0083,LOS OCALITOS
29,004,0085,SAN JOSE EL INFINITO
29,004,0087,CORAZON DE JESUS [RANCHO]
29,004,0096,AURELIO AGUILAR
29,004,0100,JOSE FERNANDEZ
29,004,0102,EL PIÑONAL (GUADALUPE EL PIÑONAL)
29,004,0103,RANCHO DE JESUS
29,004,0104,GUADALUPE [RANCHO]
29,004,0106,SAN JERONIMO ZACUALPAN
29,004,0107,TECHACHALCO
29,004,0109,HUERTA LIZET
29,004,0110,SAN MIGUEL
29,004,0111,SANTO DOMINGO
29,004,0114,MARINA PAREDES
29,004,0115,EL DESMONTE
29,004,0116,LA LOBERA
29,004,0117,EDEN [RANCHO]
29,004,0118,EL ROSARIO [RANCHO]
29,005,0001,CIUDAD DE APIZACO
29,005,0002,CERRITO DE GUADALUPE
29,005,0003,GUADALUPE TEXCALAC
29,005,0004,JAGÜEY PRIETO
29,005,0005,JOSE MARIA MORELOS
29,005,0006,COLONIA SAN ISIDRO
29,005,0007,SAN LUIS APIZAQUITO
29,005,0009,SANTA ANITA HUILOAC
29,005,0010,SANTA MARIA TEXCALAC
29,005,0011,ACTIPAN
29,005,0014,EJIDO DE SANTA URSULA ZIMATEPEC
29,005,0015,EJIDO LA GLORIA [RANCHO]
29,005,0017,EJIDO DE SAN DIONISIO
29,005,0018,EJIDO DE XALTOCAN
29,005,0019,LOS GEMELOS [RANCHO]
29,005,0021,SAN JOSE TETEL (LA QUEBRADORA)
29,005,0023,CUARTA MANZANA
29,005,0024,HORCASITAS
29,005,0026,TLALCOYOTLA
29,005,0027,TOCHAC
29,005,0029,UNIDAD DEPORTIVA
29,005,0030,FRACCIONAMIENTO JARDINES DE SAN FRANCISCO
29,005,0032,EJIDO DE SANTA URSULA
29,005,0033,PRIMERA SECCION
29,005,0035,LA BOMBA
29,005,0036,SAN PATRICIO [RANCHO]
29,006,0001,HEROICA CIUDAD DE CALPULALPAN
29,006,0002,AMANTLA
29,006,0005,COECILLOS
29,006,0007,EL CARMEN
29,006,0008,MAZAPA
29,006,0009,SAN BARTOLOME DEL MONTE
29,006,0010,SAN CRISTOBAL ZACACALCO
29,006,0012,SAN FELIPE SULTEPEC
29,006,0013,SAN ISIDRO
29,006,0014,LOS TRES HERMANOS
29,006,0015,SAN MARCOS GUAQUILPAN
29,006,0016,SAN MATEO ATICPAC
29,006,0017,SANTA CATALINA
29,006,0018,SANTIAGO CUAULA
29,006,0019,LA SOLEDAD
29,006,0021,SANTO DOMINGO TEQUIXTLA [RANCHO]
29,006,0022,TLAZALAN
29,006,0023,ZOQUIAPAN
29,006,0024,NCPE GUSTAVO DIAZ ORDAZ
29,006,0032,LOS PALACIOS
29,006,0033,SAN BENIGNO [RANCHO]
29,006,0034,SAN JUAN TEMAZCALES
29,006,0036,SANTA CRUZ
29,006,0037,SANTA TERESA
29,006,0038,LA VENTA
29,006,0039,LOS CAPULINES
29,006,0042,PABLO GODINEZ
29,006,0045,LOS MARQUEZ
29,006,0046,EL SACRIFICIO
29,006,0047,LA TINAJA
29,006,0049,SAN JOSE
29,006,0053,ZANHUANVICHI (GUILLERMO CANO)
29,006,0054,LOS PINOS
29,006,0056,HERLINDA HERNANDEZ
29,006,0057,SAN JOSE (LOS HORNOS)
29,006,0060,HERMANOS GARCIA
29,006,0061,MONTE DE SAN AGUSTIN
29,006,0067,CARLOS MORALES
29,006,0069,CRUZ SALAMANCA
29,006,0070,EL CIRUELO
29,006,0073,EL CARACOL
29,006,0074,EL TEJOCOTE
29,006,0077,HERMENEGILDO [RANCHO]
29,006,0079,LAS DALIAS
29,006,0080,SANTA FELIX
29,006,0081,LOS DIAZ
29,006,0088,FINCA GUADALUPE VELAZQUEZ
29,006,0093,LOS MOGOTES
29,006,0094,LA QUEBRADORA
29,006,0095,POZO SAN VICENTE [RESTAURANTE]
29,006,0098,DAVID SANCHEZ
29,006,0099,LOS MEJIA
29,006,0101,EL CACALOTE
29,006,0102,LA PALMA
29,006,0105,LAS AURAS
29,006,0107,EL PARAISO
29,006,0117,EL ROSARIO
29,006,0119,LA BLANCA
29,006,0120,LOS ANGELES
29,006,0121,EL PADRINO
29,006,0123,EL ZORRILLO
29,006,0124,PUENTE DEL OCOMIQUE
29,006,0125,ANGEL GARCIA
29,006,0126,LAS CALANDRIAS
29,006,0129,LOS MONTALVO
29,006,0130,ENRIQUE AVILA
29,006,0131,GUILLERMO RODRIGUEZ
29,006,0132,EL CARMEN [RANCHO]
29,006,0133,JOSE GREGORIO GARCIA HERNANDEZ
29,006,0135,SIMON MERCADER
29,006,0138,MARCELINO CRUZ
29,006,0140,LA MORENA
29,006,0141,LOMA BONITA
29,006,0142,RAYMUNDO ALVAREZ GUERRERO
29,006,0143,ANALCO (JORGE LOPEZ)
29,006,0144,RANCHO BONITO
29,006,0147,RANCHO DEL VENADO
29,006,0148,SAN ISIDRO [RANCHO]
29,006,0149,EL MIRADOR
29,006,0150,EL TEJOCOTE
29,006,0152,LOS CERRITOS
29,006,0153,DOS HERMANOS [RANCHO]
29,006,0154,LOS PINOS
29,006,0155,SAN MIGUEL
29,006,0156,SAN VICENTE
29,006,0157,LA LOMA
29,006,0158,EL SABINAL
29,006,0160,VICENTE TORRES
29,006,0161,SAN ANTONIO (SAN PEDRO)
29,006,0165,JOSE DIAZ
29,006,0166,BARRANCA DEL TIZAR
29,006,0168,LA LADERA
29,006,0169,LOMA DE SAN AGUSTIN
29,006,0170,GUADALUPE HERNANDEZ
29,006,0174,LA OCOTERA [RANCHO]
29,006,0175,DOLORES
29,006,0177,EL CONVENTO DE LA SOLEDAD
29,006,0180,ERNESTO ALONSO
29,006,0181,ESPERANZA ORTIZ
29,006,0182,FERNANDO ARROYO
29,006,0187,SAN RODRIGO
29,006,0188,JOSE GARCIA
29,006,0189,JOSE GARCIA SANCHEZ
29,006,0190,LA JOYA
29,006,0196,SAN MATEO [FRACCIONAMIENTO]
29,006,0201,LAS PALOMAS
29,006,0202,SAN PEDRO
29,006,0203,LOS PINOS
29,006,0206,RODOLFO AVILA
29,006,0207,SAMUEL LABASTIDA
29,006,0209,MACONDO
29,006,0212,EL TRIANGULO
29,006,0214,ANGEL PELCASTRE
29,006,0216,GONZALO CERON
29,006,0218,JACARANDAS
29,006,0219,EL PINO
29,006,0222,LA PROVIDENCIA
29,006,0223,ANALCO DOS
29,006,0224,SANTA ROSA
29,006,0225,COLA DEL POTRERO
29,006,0226,PACHECO (DE LA ROSA)
29,006,0227,SAN JUAN DE LOS LAGOS
29,006,0228,SANTA ISABEL MIXTITLAN
29,006,0229,EMILIO LOPEZ
29,006,0232,LOS COMPADRES [RANCHO]
29,006,0234,SAN FRANCISCO
29,006,0235,EL PIÑON
29,006,0244,FRACCIONAMIENTO ANGELES
29,006,0246,LUIS MADRID
29,006,0248,EL REGALO [RANCHO]
29,006,0249,RANCHO ESCONDIDO
29,006,0250,PAJARITOS [RANCHO]
29,006,0252,SAN JUAN [RANCHO]
29,006,0254,ANDRES AHUMADA
29,006,0255,CANDELARIO HERNANDEZ
29,006,0256,LOS CERRITOS [RANCHO]
29,006,0257,LUIS HERNANDEZ
29,006,0258,EL TEJOCOTE [RANCHO]
29,006,0261,LAS COLMENAS [RANCHO]
29,006,0264,ALBERTO [RANCHO]
29,006,0266,LA LOMA
29,006,0267,EL JAROCHO
29,006,0268,LAS PEÑAS [RANCHO]
29,006,0269,SAN JOSE
29,006,0270,SAN ISIDRO
29,006,0271,SAN MIGUEL EL CHABACANO [RANCHO]
29,006,0272,LA PROVIDENCIA
29,006,0273,SAN ISIDRO [RANCHO]
29,007,0001,VILLA DE EL CARMEN TEQUEXQUITLA
29,007,0002,LA SOLEDAD
29,007,0003,OCOTLAN TEMALACAYUCAN
29,007,0005,COLONIA VICENTE GUERRERO
29,007,0006,BARRIO DE GUADALUPE
29,007,0010,SEBASTIAN GARCIA
29,007,0011,LA ESMERALDA
29,007,0012,EL MIRADOR [RANCHO]
29,008,0001,CUAPIAXTLA
29,008,0002,LA ASUNCION RASCONA
29,008,0004,EGIPTO
29,008,0005,COLONIA IGNACIO ALLENDE
29,008,0006,IZOCORRAL
29,008,0007,COLONIA JOSE MARIA MORELOS
29,008,0010,COLONIA MANUEL AVILA CAMACHO
29,008,0011,PLAN DE AYALA
29,008,0012,LA PROVIDENCIA
29,008,0014,SAN CRISTOBAL DEL RIO
29,008,0015,EX-HACIENDA SAN FRANCISCO CUEXCOMATEPEC
29,008,0016,SAN FRANCISCO CUEXCONTZI
29,008,0017,SAN ISIDRO CUEXCONTZI
29,008,0019,SAN FELIPE TEOMETITLA
29,008,0020,MAZARRAZA [RANCHO]
29,008,0022,SAN MIGUEL TEOMETITLA
29,008,0023,SANTA FE UNO
29,008,0025,SANTA MARIA ZOAPILA
29,008,0026,EL TEJOCOTE
29,008,0027,COLONIA LOMA BONITA
29,008,0028,SAN RAFAEL TEPATLAXCO (UNION Y PROGRESO)
29,008,0029,SANTA BEATRIZ LA NUEVA
29,008,0031,SANTA REBECA
29,008,0032,SAN DIEGO COYOTEPEC
29,008,0033,COLONIA DEL VALLE
29,008,0035,GRANJA DE GUADALUPE
29,008,0036,SANTA FE
29,008,0049,TECOAC [GRANJA PORCINA]
29,008,0056,EJIDO DE ALLENDE
29,008,0057,LA GRANJA (CAMINO A FRANCO)
29,008,0065,PALMA DE TRES BRAZOS (FRACCION SANTO DOMINGO)
29,008,0066,LA SOLEDAD
29,008,0067,CERON [RANCHO]
29,008,0073,EL DURAZNO [VIVERO]
29,009,0001,CUAXOMULCO
29,009,0002,SAN MIGUEL BUENAVISTA
29,009,0003,SAN LORENZO XALTELULCO
29,009,0004,ZACAMOLPA
29,010,0001,SANTA ANA CHIAUTEMPAN
29,010,0005,SAN PEDRO MUÑOZTLA
29,010,0006,SAN BARTOLOME CUAHUIXMATLAC
29,010,0008,SAN RAFAEL TEPATLAXCO
29,010,0010,SANTA CRUZ TETELA
29,010,0012,SAN PEDRO TLALCUAPAN DE NICOLAS BRAVO
29,010,0013,SAN PEDRO XOCHITEOTLA
29,010,0020,SAN ANTOÑOTLA
29,010,0023,SANTA FE ESPERANZA
29,010,0030,VICENTE CAMACHO (MESA)
29,010,0031,EL SANTUARIO
29,010,0038,TLALCOLIJIA
29,010,0044,COLONIA LIBERTAD
29,010,0047,IXCOTLANCUENTLAC
29,010,0048,EL MONTE
29,010,0049,POTRERO CALZOLC
29,010,0051,TETEPETZI
29,010,0053,TRONQUERA (HUEXOTITLA)
29,010,0056,LA COLONIA
29,010,0057,TONANTZINCO
29,010,0058,OJOCOTLA
29,011,0001,MUÑOZ
29,011,0002,LOS ALAMOS
29,011,0003,SAN BARTOLO CUAMANTZINGO
29,011,0004,SAN ISIDRO CHIPILA
29,011,0005,ESTACION GUADALUPE
29,011,0006,GUADALUPE CUAUHTEMOC
29,011,0007,SAN JOSE CUAMANTZINGO
29,011,0008,EX-HACIENDA ZACATEPEC
29,011,0009,EX-HACIENDA DE GUADALUPE
29,011,0010,LOS RODRIGUEZ
29,011,0011,EJIDO MUÑOZ
29,011,0012,MARIA FRAGOSO
29,011,0019,EJIDO SAN MARTIN XALTOCAN
29,011,0025,LOS MAIZALES [RANCHO]
29,011,0032,LOS CIPRESES
29,011,0033,EJIDO DE ZACATEPEC
29,011,0034,LA LOMA DE ZACATEPEC
29,011,0036,LA BODEGA [RANCHO]
29,011,0037,SAN JUAN DEL RIO [RANCHO]
29,011,0040,JAVIER ZAPATA
29,011,0041,EL ESTABLO DOS
29,011,0042,EL SABINAL [RANCHO]
29,011,0043,LA PRESA
29,012,0001,ESPAÑITA
29,012,0002,ALVARO OBREGON
29,012,0004,LA CONCEPCION
29,012,0005,LA CONSTANCIA
29,012,0006,FRANCISCO I. MADERO EL VIEJO
29,012,0008,LA JOYA
29,012,0009,LA MAGDALENA CUEXTOTITLA
29,012,0010,MIGUEL ALDAMA
29,012,0011,LAS PILAS
29,012,0012,LA REFORMA
29,012,0014,SAN AGUSTIN
29,012,0015,SAN FRANCISCO MITEPEC
29,012,0016,SAN JUAN MITEPEC
29,012,0018,SAN MIGUEL EL PIÑON
29,012,0019,SAN MIGUEL PIPIYOLA
29,012,0020,SAN MIGUEL TEPALCA
29,012,0022,VICENTE GUERRERO
29,012,0024,LAGUNITAS [RANCHO]
29,012,0025,BARRIO DE TORRES
29,012,0031,SAN PABLO
29,012,0032,LA SOLEDAD [RANCHO]
29,012,0033,LOS CAPULINES
29,012,0036,RANCHO NUEVO
29,012,0038,SAN JOSE BELLAVISTA
29,012,0039,LA VALENTINA
29,012,0042,EL RELICARIO
29,012,0043,GUILLEN [RANCHO]
29,012,0046,ASILO DE ANCIANOS SAN JUDAS TADEO
29,012,0048,EL AGUA SANTA (LAS TINAS)
29,012,0050,EL CALICANTO
29,012,0053,SAN ANTONIO
29,012,0058,LINDAVISTA
29,012,0064,PABLO GARCIA SANCHEZ (RANCHO TECUICUILCO)
29,012,0066,EL POTRERO
29,012,0067,EL CAPULIN
29,012,0068,EL OCOTAL (ROQUE SANCHEZ)
29,012,0069,EL VERGEL
29,012,0070,EL ENCINO
29,013,0001,HUAMANTLA
29,013,0002,COLONIA ALTAMIRA GUADALUPE
29,013,0005,SAN PEDRO EL BATAN
29,013,0006,BENITO JUAREZ
29,013,0007,HUERTA DE LA TRINIDAD
29,013,0008,EL CARMEN XALPATLAHUAYA
29,013,0009,EX-HACIENDA LA COMPAÑIA
29,013,0010,LA PROVIDENCIA (EL CONQUIAN)
29,013,0012,COLONIA CUAUHTEMOC
29,013,0013,COLONIA CHAPULTEPEC
29,013,0014,EX-HACIENDA DE GUADALUPE
29,013,0015,COLONIA HERMENEGILDO GALEANA
29,013,0016,IGNACIO ZARAGOZA
29,013,0018,JOSE MARIA MORELOS
29,013,0019,LAZARO CARDENAS
29,013,0021,SAN MARTIN NOTARIO
29,013,0025,LOS PILARES
29,013,0030,SAN ANTONIO ATENCO
29,013,0031,SAN DIEGO MECA
29,013,0032,SAN FRANCISCO TECOAC [COLONIA]
29,013,0034,SAN MIGUEL VISTA HERMOSA [RANCHO]
29,013,0035,SAN MIGUEL BAEZ
29,013,0036,SANTA ANA RIOS
29,013,0037,SANTA CLARA SOTOLTEPEC
29,013,0039,NCP SAN JOSE TEACALCO
29,013,0040,EX-HACIENDA SANTO DOMINGO
29,013,0042,RANCHERIA DE TORRES
29,013,0043,EX-HACIENDA SAN DIEGO XALPATLAHUAYA
29,013,0044,SAN JOSE XICOHTENCATL
29,013,0045,SANTA MARIA MAGDALENA XONECUILA
29,013,0046,COLONIA EL VALLE
29,013,0047,NCP JOSE MARIA MORELOS
29,013,0048,COLONIA LICENCIADO MAURO ANGULO
29,013,0049,GENERAL FRANCISCO VILLA
29,013,0052,SAN CRISTOBAL DE LA LAGUNA
29,013,0053,LOS ALAMOS [RANCHO]
29,013,0054,COLONIA AGRICOLA SAN MARTIN NOTARIO
29,013,0061,SANTIAGO BRITO
29,013,0071,LA LIMA [RANCHERIA]
29,013,0075,CABILDO [RANCHO]
29,013,0076,COLONIA FRANCISCO I. MADERO LA MESA
29,013,0077,COLONIA FRANCISCO VILLA TECOAC
29,013,0079,SAN FRANCISCO NOTARIO
29,013,0082,SAN PABLITO [RANCHO]
29,013,0084,COLONIA ACASILLADOS SAN MARTIN NOTARIO
29,013,0085,EX-HACIENDA SANTA BARBARA
29,013,0090,COLONIA FRANCISCO I. MADERO TECOAC
29,013,0091,EL SUEÑO
29,013,0092,SANTA MARGARITA
29,013,0094,SAN DIEGO BAQUEDANO
29,013,0097,EL MOLINO [RANCHERIA]
29,013,0100,ESTABLO TECOPILCO
29,013,0101,AMPLIACION FELIPE CARRILLO PUERTO
29,013,0106,MARICARMEN [RANCHO]
29,013,0107,EL ROSARIO
29,013,0108,FRACCION DEL ROSARIO
29,013,0109,LAS BUGAMBILIAS
29,013,0110,EJIDO YANCUITLALPAN
29,013,0122,CERRO ALTO
29,013,0123,LA CRUZ [RANCHO]
29,013,0129,SAN DIEGO XALPATLAHUAYA
29,013,0130,FRANCISCO HERNANDEZ
29,013,0140,CORNELIO MARQUEZ
29,013,0142,RICARDO FLORES MAGON [DESHIDRATADORA DE ALFALFA]
29,013,0143,JORGE AQUINO
29,013,0147,FRACCION SANTA ANA RIOS
29,013,0148,FRACCION XONECUILA (LAS PALMAS)
29,013,0149,ALEJANDRO AGUILAR
29,013,0153,SAN RAFAEL TEPATLAXCO EL BAJO
29,013,0157,LAS PALMAS
29,013,0164,RANCHITO MARIA GUADALUPE
29,013,0166,SANTA CLARA [GASOLINERA]
29,013,0169,CHAPULTEPEC [GASOLINERA]
29,013,0173,SAN DIEGO (LAS ANIMAS)
29,013,0175,APOLINAR RODRIGUEZ
29,013,0176,LA CABAÑA
29,013,0177,CANDELARIO SANCHEZ
29,013,0181,ERNESTO MONTIEL
29,013,0182,EX-HACIENDA SAN BARTOLO
29,013,0184,JOSE MANUEL FLORES
29,013,0185,FRACCION DE XONECUILA
29,013,0186,RANCHO BONILLA [FRACCION]
29,013,0188,ERNESTO GOMEZ
29,013,0189,LADISLAO BARRIENTOS
29,013,0193,EL PORVENIR
29,013,0194,EL MIRADOR
29,013,0195,LAS PALOMAS
29,013,0197,LA PEDRERA
29,013,0198,EL PILAR
29,013,0199,LOS PINOS DOS
29,013,0200,LOS PINOS
29,013,0204,EL DURAZNO
29,013,0205,RANCHO ALEGRE
29,013,0207,EL REBOMBEO
29,013,0208,MARIA ELENA [RANCHO]
29,013,0209,LOS PINOS [RANCHO]
29,013,0211,SAN CONSTANTINO
29,013,0212,SANTA BARBARA
29,013,0213,SANTA RITA
29,013,0214,SARITA DE LA MONTAÑA
29,013,0215,TIRSO GUTIERREZ
29,013,0216,TUBERA GUADALUPE
29,013,0224,JOSE JUAN ROMERO LOPEZ
29,013,0227,LOS RAMALES
29,013,0229,SAN ANTONIO LOS PINOS
29,013,0230,LA PERSEVERANCIA
29,013,0235,EL CRISTO (DON CARMELO)
29,013,0237,LA MESITA
29,013,0238,POZO BLANCO (EL COLECTIVO)
29,013,0239,MARTIN SANTIAGO VAZQUEZ
29,013,0241,REAL DE LA PAZ
29,013,0243,TRINIDAD ALTAMIRANO HERNANDEZ
29,013,0244,VICTOR LIMA (EL ESTABLITO)
29,013,0245,SAN MATEO [RANCHO]
29,013,0246,EL ARENAL (POZO NUMERO 8)
29,013,0247,EJIDO ATENCO
29,013,0248,LA LOMA (JUAN FLORES)
29,013,0251,SANTA MAGDALENA
29,013,0252,SANTO DOMINGO (LAS PALOMAS)
29,013,0253,BERNARDINO SANTOS
29,013,0254,ACACIO ROMERO GUEVARA
29,013,0255,ALFREDO PALAFOX
29,013,0256,ALVARO PIO QUINTO (POZO 10)
29,013,0257,EL BATAN DOS
29,013,0258,EL CHEFF
29,013,0259,EL DESMONTE
29,013,0260,EL REPARTIDOR
29,013,0261,GUADALUPE SANTOS
29,013,0262,JAVIER LUNA
29,013,0263,JOSE BAUTISTA SANTOS
29,013,0264,JOSE VARELA
29,013,0265,JUAN HERNANDEZ
29,013,0266,LA CAÑADA
29,013,0267,LA CONSTANZA
29,013,0268,LEONES DE MONTECRISTO
29,013,0269,LOMA BONITA
29,013,0270,PEDRO VIEYRA
29,013,0271,ROSA MARIA DAZA RAMOS
29,013,0273,EL GRAN REY
29,013,0274,EL HUERTO
29,013,0275,LA CARIDAD DEL COBRE [RANCHO]
29,013,0276,LOS CABALLITOS [RANCHO]
29,013,0277,RANCHO ALEGRE
29,013,0278,CASTILLOTLA [RANCHO]
29,013,0279,POZO ONCE
29,013,0280,VENANCIO MARQUEZ
29,013,0281,EL MIRADOR [RANCHO]
29,014,0001,HUEYOTLIPAN
29,014,0003,LA CRUZ TECHALOTE [COLONIA]
29,014,0005,IGNACIO ZARAGOZA
29,014,0006,SANTA MARIA IXCOTLA
29,014,0008,COLONIA ADOLFO LOPEZ MATEOS
29,014,0009,LA PURISIMA [RANCHO]
29,014,0010,SAN DIEGO RECOBA
29,014,0011,SAN ANDRES CUAXIMALA
29,014,0013,SAN ANTONIO TECHALOTE
29,014,0014,HACIENDA SAN BLAS CUAXOMULCO
29,014,0015,SAN FERNANDO
29,014,0017,SAN LORENZO TECHALOTE
29,014,0018,SAN MANUEL TLALPAN
29,014,0020,SAN SIMEON XIPETZINCO
29,014,0023,SANTIAGO TLALPAN
29,014,0026,EL CARMEN (LAS CARROZAS)
29,014,0028,SANTO TOMAS (EL NOPAL) [RANCHO]
29,014,0031,AGUA LIMPIA
29,014,0033,LA LOMA [RANCHO]
29,014,0035,NCP SAN ANTONIO TECHALOTE
29,014,0039,LOMA BONITA
29,014,0040,LAS TORTOLAS
29,014,0042,EL PILAR [RANCHO]
29,014,0043,SANTA LUCIA
29,014,0045,EMILIO SANCHEZ PIEDRAS
29,014,0046,HACIENDA SAN FERNANDO
29,014,0050,LOS CUATES [RANCHO]
29,014,0052,RANCHO DE LA CRUZ
29,014,0064,SAN SEBASTIAN (TEOZOPILCO)
29,014,0066,RINCON DEL VALLE (LAS CALAVERAS)
29,014,0070,POTRERO GRANDE
29,014,0071,DOS HERMANOS [RANCHO]
29,014,0074,EL JARDIN
29,014,0076,EL RESUMIDERO
29,014,0080,EL PARAISO
29,014,0081,COLON
29,014,0082,LA PURISIMA SECCION DOS
29,015,0001,VILLA MARIANO MATAMOROS
29,015,0002,ALPOTZONGA DE LIRA Y ORTEGA
29,015,0003,SAN ANTONIO ATOTONILCO
29,015,0005,LA CARIDAD CUAXONACAYO
29,015,0006,EL ESCOBILLAL
29,015,0007,ESPIRITU SANTO
29,015,0009,GUADALUPE
29,015,0012,SAN JUAN NEPOPUALCO
29,015,0015,SAN GABRIEL POPOCATLA
29,015,0019,SAN ANTONIO TECOAC
29,015,0020,SAN ANTONIO TIZOSTOC
29,015,0021,SAN CRISTOBAL OXTOTLAPANGO
29,015,0022,SAN DIEGO XOCOYUCAN
29,015,0023,SAN JOAQUIN
29,015,0025,SAN MARCOS JILOTEPEC
29,015,0026,SAN MIGUEL LA PRESA
29,015,0027,SAN NICOLAS
29,015,0030,SANTA CRUZ EL PORVENIR
29,015,0031,SANTA INES TECUEXCOMAC
29,015,0032,SANTA JUSTINA ECATEPEC
29,015,0033,SANTA MARIA
29,015,0034,SANTA ROSA DE LIMA
29,015,0035,SANTIAGO XOCHIMILCO
29,015,0036,LA SOLEDAD
29,015,0037,TLAPEXCO
29,015,0038,LA TRINIDAD TENEXYECAC
29,015,0040,LA VIRGEN
29,015,0042,LAS HUERTAS
29,015,0045,SAN JOSE ESCANDONA
29,015,0051,ALPOTZONGA
29,015,0053,AGUSTIN LOPEZ
29,015,0056,AYTEC (MONTE DE LOS OLIVOS) [RANCHO]
29,015,0060,CAPULA
29,015,0063,SANTO DOMINGO
29,015,0066,EL CENTENARIO
29,015,0069,MIGUEL ANGEL [RANCHO]
29,015,0070,SAN RAFAEL [RANCHO]
29,015,0073,RIO CHIQUITO
29,015,0074,LA LABORIA
29,015,0076,EL SABINAL
29,015,0077,LA SUIZA [RANCHO]
29,015,0078,LA PAJUELA (LA HERRADURA)
29,015,0079,LAS COQUITAS [RANCHO]
29,015,0080,SAN CARLOS
29,015,0085,LAS ROSITAS
29,015,0091,MIRA EL SOL [RANCHO]
29,015,0093,ANSELMO CAVITA
29,015,0094,LAS MORAS (LAS MORADILLAS)
29,015,0095,LA JOYA
29,015,0096,FRACCION LA VIRGEN
29,015,0098,JULIO CASTAÑEDA
29,015,0099,QUINTA MARY
29,015,0104,REFUGIO RAMIREZ
29,015,0105,SAN LUCAS
29,015,0110,ESPERANZA [CAMPAMENTO]
29,015,0111,LA FISCALA
29,015,0112,JOSE ISLAS (LOS CABALLITOS)
29,015,0117,LOS PEREZ [RANCHO]
29,015,0118,COLONIA EJIDO SANTA JUSTINA ECATEPEC
29,015,0119,SAN CRISTOBAL
29,015,0125,LA HUERFANA
29,015,0128,EL RANCHITO
29,015,0129,TLAPEXCO II [FRACCIONAMIENTO]
29,015,0131,AMADOR PEREZ SANCHEZ
29,015,0134,ANSELMO GARCIA VELAZQUEZ
29,015,0135,CLEOTILDE ASTORGA SANCHEZ
29,015,0136,EULALIO SEGUNDO (SAN TOMAS)
29,015,0137,JAVIER PULIDO
29,015,0139,EL SABINAL [RANCHO]
29,015,0141,LUIS RAMOS RAMOS
29,015,0143,LAS PEÑAS
29,015,0145,EL REFUGIO
29,015,0148,TLALOC
29,015,0153,LAS TORRES
29,015,0154,RANCHO ESCONDIDO
29,015,0155,SAN FERNANDO [RANCHO]
29,015,0156,SAN FRANCISCO [COLONIA]
29,015,0157,EL RETORNO [RANCHO]
29,015,0162,SAN JOSE
29,015,0163,LA VENTA
29,015,0164,MONTECRISTO [RANCHO]
29,015,0165,EFREN MORALES
29,015,0166,TMA SSSS GAS [GASERA]
29,015,0167,COLONIA EL PROGRESO
29,015,0168,ARCOS ALTOS [FRACCIONAMIENTO]
29,016,0001,IXTENCO
29,016,0007,LOS ALAMOS
29,016,0009,LOS PILARES
29,016,0011,LA ERA
29,016,0018,ANGOA DIAZ [RANCHO]
29,016,0019,EL DESMONTE
29,016,0020,EL ENCINO
29,016,0021,LOS SABINOS
29,016,0022,SAN JUAN
29,016,0023,EL CERRITO
29,016,0024,RANCHERIA DE PILARES
29,017,0001,MAZATECOCHCO
29,017,0007,ZACATECOMA
29,017,0014,RAMOS MUÑOZ MANZANO
29,017,0015,SAN JUAN IXHUALCO
29,017,0018,SAN ISIDRO
29,018,0001,CONTLA
29,018,0002,SAN FELIPE CUAUHTENCO
29,018,0003,IXTLAHUACA
29,018,0004,SAN JOSE AZTATLA
29,018,0006,SANTA MARIA AQUIAHUAC
29,018,0007,LA LUZ [BARRIO]
29,018,0008,OCOTLAN TEPATLAXCO
29,018,0009,CAPULA
29,018,0012,ZACATEPANCO
29,019,0001,TEPETITLA
29,019,0004,GUADALUPE VICTORIA
29,019,0007,SAN MATEO AYECAC
29,019,0009,VILLA ALTA
29,019,0013,LOS MORELIA
29,019,0015,AURELIO RAMIREZ PEREZ
29,019,0017,FRANCISCO RAMIREZ PALMA
29,020,0001,SANCTORUM
29,020,0003,ESTACION CONTADERO
29,020,0004,FRANCISCO VILLA
29,020,0005,GUADALUPE [RANCHO]
29,020,0007,LA PROVIDENCIA
29,020,0010,SAN NICOLAS EL GRANDE
29,020,0013,LOS ALPINOS
29,020,0014,ESQUIBAJAS
29,020,0016,POZUELOS
29,020,0017,LA ESPERANZA
29,020,0018,SANTA CRUZ
29,020,0019,SAN LEONARDO ARROYO
29,020,0021,AMEXTITLA
29,020,0022,BALCONCILLOS
29,020,0024,SAN BARTOLITO
29,020,0034,SAN FELIPE (EJIDO ALVARO OBREGON)
29,020,0036,EL JAGÜEY
29,020,0037,LA GARITA
29,020,0043,LA PRESA DE POZUELOS
29,020,0045,SAN NICOLAS (FARFAN)
29,020,0052,JUAN ANTONIO
29,020,0058,JULIO ROLDAN
29,020,0059,LA LOMA
29,020,0060,LAS PALOMAS
29,020,0061,SAN AGUSTIN TRES CRUCES
29,020,0062,DOÑA EVELIA (LOS ALPINOS)
29,020,0063,PACHUQUILLA [RANCHO]
29,020,0064,ARTEMIO TORRES ZAVALA
29,020,0065,PARADA DE SANCTORUM
29,020,0068,EL SABINO [RANCHO]
29,020,0069,LA TRINIDAD [RANCHO]
29,020,0070,SANTA CECILIA [RANCHO]
29,020,0071,CAMPAMENTO FERROCARRIL 2
29,020,0072,LA CURVA DOS HERMANOS [RANCHO]
29,020,0073,PRESA LOS LLORONES
29,020,0074,CUATRO VIENTOS
29,020,0075,DOS POTRILLOS
29,020,0076,LA VICTORIA
29,020,0077,SANTA TERESA
29,021,0001,CIUDAD DE NANACAMILPA
29,021,0003,CRUZ BLANCA
29,021,0004,DOMINGO ARENAS (LA CALERA)
29,021,0005,FRANCISCO I. MADERO
29,021,0006,IXTAFIAYUCA
29,021,0007,MEDIA CABALLERIA
29,021,0008,MIGUEL LIRA Y ORTEGA
29,021,0009,LA OBRA
29,021,0011,SAN FELIPE HIDALGO
29,021,0013,SAN ISIDRO
29,021,0015,LA SOLEDAD
29,021,0016,TEPOZONTITLA
29,021,0017,COLONIA TEPUENTE
29,021,0018,LA UNION
29,021,0019,AGUA SANTA
29,021,0021,AMAXAC
29,021,0024,EL CARMEN [RANCHO]
29,021,0026,TEBARROSO (EL CAPITAN) [RANCHO]
29,021,0031,SAN ANTONIO
29,021,0034,ASUNCION [RANCHO]
29,021,0035,CAJA DE AGUA
29,021,0036,CUATRO CAMINOS
29,021,0041,EL MIRADOR
29,021,0042,LOS ROSALES
29,021,0045,LOS DELGADILLO
29,021,0049,LA CANDELARIA
29,021,0051,EL MIRADOR
29,021,0054,MIFIVE
29,021,0055,FRACCION LA VENTA
29,021,0059,LA CONCHITA
29,021,0063,GUILLERMO MORALES
29,021,0065,BUENAVISTA AMAXAC
29,021,0066,NOGALES [RANCHO]
29,021,0068,AGUA ESCONDIDA
29,021,0076,LOS CEIBOS
29,021,0080,LAS MARAVILLAS
29,021,0084,ROSENDO HERNANDEZ
29,021,0086,CENOBIO BECERRA
29,021,0087,TECHOLULCO
29,021,0092,LA LOMA DE ENMEDIO (AXOCOPA)
29,021,0097,JOSE EDUARDO HERNANDEZ FERNANDEZ
29,021,0100,ANGELA GARCIA
29,021,0101,AURELIANO GUZMAN HERNANDEZ
29,021,0105,CONSTANTINO ZAVALA
29,021,0107,ENTRONQUE NANACAMILPA
29,021,0108,LAS FLORES
29,021,0109,LOS REYES II [GRANJA]
29,021,0113,EL CRISTO [RANCHO]
29,021,0114,JAVIER OLVERA
29,021,0116,JUAN LEON
29,021,0117,LOS LAZCANO
29,021,0118,LEONARDO VAZQUEZ
29,021,0120,MARIO ESPEJEL
29,021,0124,TEBARROSO
29,021,0125,LA VENTA
29,021,0126,HERMANOS ROBLES
29,021,0127,EL REFUGIO DEL GUERRERO [RANCHO]
29,021,0130,MANUEL ESTRADA
29,021,0131,LAS MANZANAS
29,021,0132,LA LOMA DE MAZAPA
29,021,0134,PUEBLO NUEVO
29,021,0135,SANTOS LOZANO
29,021,0137,LOS COLGADOS
29,021,0138,LA LOMA DE ENMEDIO
29,021,0139,MAXIMINO ARROYO
29,021,0141,EL CIPRES
29,021,0145,LOS SAUZA
29,021,0147,PIEDRA CANTEADA
29,021,0148,SANTA CLARA (EL CORTE)
29,021,0149,AXOCOPA
29,021,0159,SAN JOSE
29,021,0162,PRESA DE POZUELOS
29,021,0165,COLONIA ANTORCHISTA SAN CAYETANO
29,021,0166,COLONIA LA UNION
29,021,0167,SAN PEDRO EL CARMEN
29,021,0168,EL SIFON
29,021,0169,LA HUERTA [RANCHO]
29,021,0170,VILLAS DEL BOSQUE SANTA CLARA
29,021,0171,MARGARITO [RANCHO]
29,022,0001,ACUAMANALA
29,022,0003,CONCEPCION CHIMALPA
29,022,0004,GUADALUPE HIDALGO
29,022,0005,OLEXTLA DE JUAREZ
29,023,0001,NATIVITAS
29,023,0002,SAN MIGUEL ANALCO
29,023,0003,SAN BERNABE CAPULA
29,023,0004,SANTO TOMAS LA CONCORDIA
29,023,0005,GUADALUPE VICTORIA
29,023,0006,JESUS TEPACTEPEC
29,023,0007,SAN ANTONIO TEACALCO
29,023,0008,SAN JOSE ATOYATENCO
29,023,0009,SAN MIGUEL DEL MILAGRO
29,023,0010,SAN MIGUEL XOCHITECATITLA
29,023,0011,SAN RAFAEL TENANYECAC
29,023,0014,SANTA CLARA ATOYAC
29,023,0016,SANTIAGO MICHAC
29,023,0017,SAN VICENTE XILOXOCHITLA
29,023,0018,EX-HACIENDA DE SEGURA MICHAC
29,023,0021,SAN FRANCISCO TENEXYECAC
29,023,0022,SAN JUAN TEPACTEPEC
29,023,0023,SAN MIGUEL TLALE
29,023,0024,EX-HACIENDA SANTA ELENA
29,023,0027,MIGUEL SALOMA
29,023,0028,SAN ANTONIO
29,023,0030,LOMA VERDE
29,023,0033,EL ROSARIO [RANCHO]
29,023,0034,MATAMOROS
29,023,0035,RUTILO VAZQUEZ
29,023,0037,NCP SANTA ELENA TEACALCO
29,023,0038,ZANJA REAL
29,023,0042,COLECTURIA
29,023,0050,LA REMOLACHA
29,023,0056,TEPENBERNA
29,023,0060,LA CABAÑA
29,023,0061,JARDINES DE TEPACTEPEC
29,023,0063,LA ZANJA
29,023,0064,SAN ISIDRO
29,023,0065,LOS RODRIGUEZ
29,023,0066,CUANOPALA [RANCHO]
29,024,0001,PANOTLA
29,024,0004,JESUS ACATITLA
29,024,0005,SAN AMBROSIO TEXANTLA
29,024,0006,SAN FRANCISCO TEMETZONTLA
29,024,0007,SAN JORGE TEZOQUIPAN
29,024,0008,SAN MATEO HUEXOYUCAN
29,024,0009,SANTA CATALINA APATLAHCO
29,024,0010,SANTA CRUZ TECHACHALCO
29,024,0011,SAN TADEO HUILOAPAN
29,024,0017,NIXTLALPA (COLONIA LAS PALMAS)
29,024,0018,EL NOPAL
29,024,0019,SANTA MARTHA [RANCHO]
29,024,0020,LA PLANA (LOS VOLCANES)
29,024,0023,RAYMUNDO HERNANDEZ HERNANDEZ
29,024,0024,CHICHIAPAS
29,024,0025,FRACCIONAMIENTO LA VIRGEN
29,024,0026,LA HACIENDA VIEJA
29,024,0027,LOS POCITOS
29,024,0028,CAMINO A SAN MIGUEL
29,024,0029,FRACCIONAMIENTO SANTA ELENA
29,024,0030,UNIDAD HABITACIONAL II
29,025,0001,CIUDAD DE SAN PABLO DEL MONTE
29,025,0002,SAN ISIDRO BUEN SUCESO
29,025,0003,EX-HACIENDA GUADALUPE XALTELULCO
29,025,0005,PUNTA DE LEON
29,025,0009,OCOPIPILA
29,025,0011,TETZACUAL
29,025,0022,HUEYOCOTL
29,025,0024,CACAMILA SAN ANTONIO
29,025,0025,CALAQUIOTLI
29,025,0028,OCOILACAS
29,025,0029,SAN JOSE TECOSAHUATLA
29,025,0037,LLEPAZOTLA
29,025,0038,MOXONTITLA
29,025,0039,PAPANASNO
29,025,0040,PILAZOL
29,025,0041,RANCHO ESCONDIDO
29,025,0042,SAIS
29,025,0044,TECTEPETLA
29,025,0046,XAHUENTLATEMPA
29,025,0049,TEQUICUENTLA
29,025,0050,TLAXTLAXCANTLA
29,025,0051,SAN JOSE ATECOCH
29,025,0052,SAN JOSE DEL AGUA Y PEPEYULA (SAN JOSE PEPEYULA)
29,026,0001,SANTA CRUZ TLAXCALA
29,026,0002,GUADALUPE TLACHCO
29,026,0003,JESUS HUITZNAHUAC
29,026,0004,SAN LUCAS TLACOCHCALCO
29,026,0005,SAN MIGUEL CONTLA
29,026,0016,XAMISTLA
29,026,0018,ALEJANDRO PEÑA CONDE
29,026,0021,EL TESORO (BAUTISTA) [RANCHO]
29,026,0026,LUIS REYES
29,026,0027,SAN DIEGO [RANCHO]
29,027,0001,TENANCINGO
29,027,0007,CONCEPCION ACOPILCO
29,027,0011,TEPEPANTLALPA (MAGDALENA REYES)
29,027,0013,TECOAC
29,028,0001,TEOLOCHOLCO
29,028,0002,EL CARMEN AZTAMA
29,028,0003,ACXOTLA DEL MONTE
29,028,0004,CUAXINCA
29,028,0007,POPOZOTZI
29,028,0010,AYOCALCO
29,028,0013,CASETA FORESTAL NUMERO DOS ACXOTLA DEL MONTE
29,028,0015,CUAHTENCO
29,028,0016,SAN MIGUEL HACIENDA
29,028,0019,LOMA DE HUEYHUEYITECOX
29,028,0020,MARCOXTLA
29,028,0021,LA VUELTA
29,028,0023,TEXALEPILA
29,028,0026,ZAPAHUA
29,028,0027,ALAILAZOTL
29,028,0028,TEPOCHMETLATL
29,028,0032,TEPIZILA
29,028,0033,APACHCO
29,028,0034,CAMPAMENTO
29,028,0035,CASETA FORESTAL NUMERO UNO SAN ISIDRO
29,028,0038,TLALCOXPAN
29,028,0040,CECEHUAYAXTLA (CUACHEXTLAN)
29,028,0042,DIEGOTLA
29,028,0043,ROMAN ZITLALPOPOCATL
29,028,0044,TEPETUMAYO
29,028,0045,XAXANTILA
29,028,0046,CUATEZON
29,028,0047,SESEHUATLAN
29,028,0048,IXTLAHUAC
29,028,0049,TLACAHIGUALOL
29,028,0050,XOPANAK
29,028,0051,ACOLTZINCO
29,029,0001,TEPEYANCO
29,029,0002,LAS AGUILAS [COLONIA]
29,029,0003,SAN COSME ATLAMAXAC
29,029,0004,LA AURORA
29,029,0006,COLONIA GUERRERO
29,029,0009,SANTIAGO TLACOCHCALCO
29,029,0011,SAN PEDRO XALCALTZINCO
29,029,0017,ARMANDO SANCHEZ
29,029,0018,GERARDO FRANCO
29,029,0019,HILARIO CUATEPOTZO
29,029,0022,ANTORCHA CAMPESINA
29,029,0023,COLONIA GUADALUPE
29,029,0024,EL POTRERO
29,029,0025,LOMAS DE SANTA BARBARA
29,030,0001,TERRENATE
29,030,0002,LOS AMELES (ACOLCO)
29,030,0010,EL CAPULIN [COLONIA]
29,030,0012,EL CAPULIN [RANCHO]
29,030,0014,CARPINTERIA (EL CARPINTERO)
29,030,0015,CERRITO DE GUADALUPE
29,030,0016,LA COLONIA [RANCHO]
29,030,0017,CORTESCO
29,030,0022,GUADALUPE VICTORIA
29,030,0031,LA NORIA [RANCHO]
29,030,0033,EL PILANCON
29,030,0035,EL RINCON [RANCHERIA]
29,030,0036,LA ROSA [RANCHO]
29,030,0038,NICOLAS BRAVO
29,030,0041,SAN JOSE VILLARREAL
29,030,0042,TENEXAC
29,030,0044,TEPEYAHUALCO [RANCHO]
29,030,0045,TLALMOTOCA
29,030,0047,TOLUCA DE GUADALUPE
29,030,0054,COMUNIDAD CUATRO CAMINOS (EL ROSARIO)
29,030,0056,LA SIERPE CHIQUITA
29,030,0063,LA MESA (LA CUMBRE) [RANCHO]
29,030,0070,LA PRESA [RANCHO]
29,030,0072,SAN JUAN VILLARREAL [RANCHO]
29,030,0073,SANTA ANA [RANCHO]
29,030,0074,TLACAXOLO
29,030,0076,RANCHO VIEJO
29,030,0077,LA CANDELARIA [RANCHO]
29,030,0079,SAN PEDRO DE GUADALUPE
29,030,0080,PUERTA COLORADA [RANCHO]
29,030,0085,LOS AMELES [RANCHO]
29,030,0087,SAN ISIDRO [RANCHO]
29,030,0091,SANTA LUCIA (LA ASCENSION) [RANCHO]
29,030,0092,LA GALERA
29,030,0094,EL PALOMAR [RANCHO]
29,030,0095,EL CAPULIN [RANCHO]
29,030,0096,GUADALUPE [RANCHO]
29,030,0104,LA LOMA DE ENMEDIO
29,030,0106,LA PERA
29,030,0108,LA LOBERA [RANCHO]
29,030,0109,LAS SABINAS [RANCHO]
29,030,0111,SAN NICOLAS PITZOCALES
29,030,0112,LA CAÑADA
29,030,0113,CLEMENTE FERNANDEZ
29,030,0118,EL DORADO [RANCHO]
29,030,0120,GRANJAS SARH
29,030,0121,EL OCOTE (LAS POZAS) [RANCHO]
29,030,0124,LOS CAPULINES [RANCHO]
29,030,0129,EL MIRADOR
29,030,0134,JOSE MELQUIADES HERNANDEZ ALTAMIRANO (RANCHO EL BARRIL)
29,030,0135,CAJA DE AGUA [RANCHO]
29,030,0136,LA LOMA [RANCHO]
29,030,0137,LAS SABINAS (RANCHO EL LLORON)
29,030,0139,ROSENDO GOMEZ HERNANDEZ
29,030,0140,TEOMETITLA
29,030,0143,EL EDEN [RANCHO]
29,030,0144,LA CALDERA
29,030,0146,CRISTALACO
29,030,0148,MALLORICO DE FERMIN ALTAMIRANO (EL PARAISO)
29,030,0149,PASO HONDO
29,030,0150,EL CRISTO [RANCHO]
29,030,0152,CABAÑA DEL BRONCO
29,030,0153,EL LLANO
29,030,0154,MANUEL PEREZ FLORES
29,030,0155,NUEVO MILENIO
29,030,0156,EL ARRACADA [RANCHO]
29,030,0157,EL OCOTE
29,030,0158,EL SAUCE
29,030,0159,LA ESTRELLA
29,030,0160,REFORMA
29,030,0161,LA MANCERA
29,030,0162,SAN PEDRO
29,030,0163,XOYACO
29,031,0001,TETLA
29,031,0003,CAPULAC
29,031,0004,COAXAMALUCAN
29,031,0005,EL DERRAMADERO
29,031,0008,EL OCOTE
29,031,0010,SAN BARTOLOME MATLALOHCAN
29,031,0011,SAN FRANCISCO ATEXCATZINCO
29,031,0013,SAN JOSE PIEDRAS NEGRAS
29,031,0015,SANTA FE LA TROJE
29,031,0017,JOSE MARIA MORELOS Y PAVON
29,031,0018,PLAN DE AYALA
29,031,0019,EL PRADO
29,031,0020,SAN ISIDRO PIEDRAS NEGRAS
29,031,0022,SANTA ROSA MENA [COLONIA]
29,031,0026,SAN GREGORIO
29,031,0027,SAN ISIDRO
29,031,0028,SANTA MARGARITA
29,031,0032,LOS ABUELOS [RANCHO]
29,031,0033,RICARDO FLORES MAGON
29,031,0034,SANTA MARGARITA
29,031,0039,LA CONCEPCION
29,031,0040,LA LOMA [RANCHO]
29,031,0043,DON RUFINO
29,031,0046,SANTA MARIA ZOTOLUCA [GRANJA PORCINA]
29,031,0047,JUAN LIMA OLIVARES
29,031,0049,SANTA ROSA [RANCHO]
29,031,0053,LAS ARENAS
29,031,0056,EL CORAZON
29,031,0057,EJIDO DE APIZAQUITO
29,031,0058,LA ESCONDIDA
29,031,0060,FRACCION EL DERRAMADERO
29,031,0061,RANCHO DE GOMEZ
29,031,0065,SACRAMENTO
29,031,0066,NCPE SAN FRANCISCO TEPEYANCO
29,031,0067,SAN MIGUEL [RANCHO]
29,031,0069,ALEJANDRO LOPEZ AVILA (LOS TEMONTONES)
29,031,0070,LA AVENIDA
29,031,0071,ANASTACIO LEMUS
29,031,0073,LAS CABAÑAS
29,031,0074,ALVARADO [CARTONERA]
29,031,0075,ARGON [CARTONERA]
29,031,0076,JUAN ANTONIO GALVEZ [CARTONERA]
29,031,0077,BUENOS AIRES [RANCHO]
29,031,0078,CRISTO REY
29,031,0080,FELIPE GUTIERREZ
29,031,0081,SAN LUIS
29,031,0082,LA TAMBORA [GRANJA PORCINA]
29,031,0083,GUILLERMO MACIAS
29,031,0086,RAFAEL GONZALEZ
29,031,0087,CAMPO DAVID [RANCHO]
29,031,0088,LA CARIDAD
29,031,0089,LA DIVINA PROVIDENCIA
29,031,0090,EL GRILLO [RANCHO]
29,031,0091,RODRIGUEZ [RESTAURANTE]
29,031,0092,CRISTIAN BAEZ TELLEZ
29,031,0093,SAN JUAN
29,031,0094,ROGELIO GUERRERO
29,031,0095,EL CAZADOR [RANCHO]
29,031,0097,RICARDO AGUIRRE MARTINEZ [CARTONERA]
29,031,0098,FIDEL CASTILLO
29,031,0099,SANTA CRUZ [RANCHO]
29,031,0100,LA LOMA
29,031,0101,EL PEDREGAL [RANCHO]
29,031,0102,LA CABAÑA DEL INDIO [RANCHO]
29,031,0103,ROMAN MORALES [RANCHO]
29,031,0104,AHUATEPEC
29,031,0105,EL CRISTO NEGRO
29,031,0106,MARIA DE LA LUZ SANCHEZ
29,031,0108,URIEL MORENO
29,031,0109,CUITZILLO [RANCHO]
29,031,0110,DOMINGO SUAREZ
29,031,0111,LA MONERA [RANCHO]
29,031,0112,LAS CABAÑAS DEL ABUELO
29,031,0113,XOCOCATENO
29,031,0114,ARBOLEDAS SANTA FE
29,031,0115,BRAULIO NOYA
29,031,0117,EL OCOTE
29,031,0118,EL PEDREGAL SAN ANGEL
29,031,0119,EL SOLAR
29,031,0120,ERNESTINA BAEZ HERNANDEZ
29,031,0121,GABRIEL MENDEZ
29,031,0122,MARCO ANTONIO DORANTES PATIÑO
29,031,0123,MARTIN PIEDRAS HERNANDEZ
29,031,0124,LOS POTRILLOS [RANCHO]
29,031,0125,PAKAS DE A KILO [RANCHO]
29,031,0126,SAN ISIDRO [RANCHO]
29,031,0127,SANTA TERESA 3 POTRILLOS [RANCHO]
29,031,0128,SALOME DURAN MEJIA
29,031,0130,EL RETOÑAJE
29,031,0131,KILOMETRO DOS
29,031,0132,MONTE DE PIEDAD [RANCHO]
29,031,0133,SAN JUDAS TADEO
29,031,0134,LAS MISMAS MULAS
29,031,0135,SAN JUAN
29,032,0001,TETLATLAHUCA
29,032,0002,SAN ANDRES CUAMILPA
29,032,0003,SAN BARTOLOME TENANGO
29,032,0006,SANTA ANA PORTALES
29,032,0007,SANTA CRUZ AQUIAHUAC
29,032,0008,PIEDRAS BLANCAS  (LA CABAÑA)
29,032,0012,SANTA CRUZ CAPULINARES
29,032,0014,GUETULIO SUAREZ LOPEZ
29,032,0019,ATENCO
29,032,0023,LOS PINOS
29,032,0024,LA CACHORRA
29,032,0028,SANTA AGUEDA
29,032,0029,EL COLUMPIO
29,032,0031,LAS MESAS
29,032,0032,LOS PINOS
29,032,0033,VAL'QUIRICO
29,032,0034,LOS PIRULES
29,033,0001,TLAXCALA DE XICOHTENCATL
29,033,0008,OCOTLAN
29,033,0009,SAN BUENAVENTURA ATEMPAN
29,033,0010,SAN DIEGO METEPEC
29,033,0011,SAN ESTEBAN TIZATLAN
29,033,0012,SAN GABRIEL CUAUHTLA
29,033,0013,SAN HIPOLITO CHIMALPA
29,033,0014,SAN LUCAS CUAUHTELULPAN
29,033,0015,SAN SEBASTIAN ATLAHAPA
29,033,0016,SANTA MARIA ACUITLAPILCO
29,033,0017,SANTA MARIA IXTULCO
29,033,0018,PUEBLO HEROICO DE LA TRINIDAD TEPEHITEC
29,033,0021,LA ERA
29,033,0022,CRUZ BLANCA
29,033,0023,POTRERO GRANDE
29,033,0024,POTRERO CHICO (COLINA DEL SOL)
29,034,0001,TLAXCO
29,034,0002,ACOPINALCO DEL PEÑON
29,034,0003,EX-HACIENDA SAN MIGUEL MIMIAHUAPAN
29,034,0006,SAN JOSE ATOTONILCO
29,034,0008,LA CANDELARIA
29,034,0009,CAPILLA DE TEPEYAHUALCO
29,034,0010,LOS CAPULINES
29,034,0011,CASA BLANCA
29,034,0012,CERRO AZUL
29,034,0013,LA CIENEGA
29,034,0014,CONZOQUIO
29,034,0015,EL CONVENTO
29,034,0016,CORRALILLOS
29,034,0018,LOS CHARCOS
29,034,0019,SAN ANTONIO CHAPULTEPEC
29,034,0022,GRACIANO SANCHEZ
29,034,0023,EL GRULLO
29,034,0025,LA HERRADURA
29,034,0026,SAN ANTONIO HUEXOTITLA
29,034,0029,EL JARDIN
29,034,0030,JOSE MARIA MORELOS BUENAVISTA
29,034,0033,LAGUNILLA
29,034,0035,LA LOMITA
29,034,0037,LA MAGDALENA SOLTEPEC
29,034,0038,MARIANO MATAMOROS
29,034,0039,COMISION FEDERAL DE ELECTRICIDAD-LA MARTINICA
29,034,0040,MAZAQUIAHUAC
29,034,0041,LAS MESAS
29,034,0042,EL MIRADOR
29,034,0043,LA TRONCONERA
29,034,0044,OJO DE AGUA
29,034,0045,LA PALMA
29,034,0046,EL PARAISO
29,034,0047,EL PARDO
29,034,0048,LA PAZ
29,034,0053,LA PROVIDENCIA [RANCHO]
29,034,0054,RANCHO NUEVO
29,034,0055,RANCHO SECO
29,034,0056,EL REY
29,034,0058,LA ROSA
29,034,0059,EL ROSARIO
29,034,0060,SAN AGUSTIN [RANCHO]
29,034,0064,SAN ANTONIO QUINTANILLA
29,034,0065,EX-HACIENDA SAN BUENAVENTURA
29,034,0067,SAN FELIPE QUINTANILLA
29,034,0071,SAN JOSE DE LAS DELICIAS [RANCHO CINEGETICO]
29,034,0072,SAN LORENZO SOLTEPEC
29,034,0077,SAN PEDRO LA CUEVA
29,034,0078,SANTA FE
29,034,0079,SANTA ROSA [RANCHO]
29,034,0080,SANTA MARIA ZOTOLUCA
29,034,0081,EL SANTISIMO [RANCHO]
29,034,0082,ESTACION SOLTEPEC
29,034,0083,EX-HACIENDA SAN LORENZO SOLTEPEC
29,034,0084,TECOMALUCAN
29,034,0086,SAN JOSE TEPEYAHUALCO
29,034,0087,EX-HACIENDA SAN JOSE TEPEYAHUALCO
29,034,0088,LOS TETELES
29,034,0089,TETZITZILICA
29,034,0090,TOLTECAPA [RANCHO]
29,034,0091,LAS TORTOLAS
29,034,0093,LA TRASQUILA
29,034,0094,MAXIMO ROJAS XALOSTOC
29,034,0097,HACIENDA XOCHUCA
29,034,0098,GUADALUPE HUEXOTITLA
29,034,0100,SANTA ROSA DE LIMA
29,034,0101,UNION EJIDAL TIERRA Y LIBERTAD
29,034,0102,LA LOBERA
29,034,0106,DIEGO MUÑOZ CAMARGO
29,034,0107,EL NACIMIENTO
29,034,0112,LAS PALOMAS [RANCHO]
29,034,0113,SAN DIEGO QUINTANILLA
29,034,0114,ALTA LUZ
29,034,0117,MAGUEY CENIZO
29,034,0120,AL FINAL DE LA SENDA
29,034,0125,AGUA ESCONDIDA
29,034,0126,EL CARMEN
29,034,0131,EX-HACIENDA SAN PEDRO METLA
29,034,0132,EL PATO [RANCHO]
29,034,0138,TITICHILCO
29,034,0147,EJIDO SAN JOSE ATOTONILCO
29,034,0149,EL TECORRAL
29,034,0155,SAN BALTAZAR
29,034,0156,EL COLIBRI [RANCHO]
29,034,0157,LA HERRADURA
29,034,0158,NCPE LA HERRADURA
29,034,0159,LLANOS DE TEOPA (VALLE ESCONDIDO)
29,034,0160,LOMA DE ENMEDIO
29,034,0161,LAS MARAVILLAS [RANCHO]
29,034,0162,EL MATORRAL
29,034,0163,SAN FRANCISCO QUINTANILLA
29,034,0164,LA PERA
29,034,0165,EL PERPETUO SOCORRO [RANCHO]
29,034,0167,RANCHO DE LA PROVIDENCIA
29,034,0169,SAN JUAN
29,034,0170,SAN MARTIN [RANCHO]
29,034,0173,SAN RICARDO
29,034,0174,SANTA CRUZ [RANCHO]
29,034,0175,EL SOTOL
29,034,0177,LAS VIGAS
29,034,0179,EL VOLADOR
29,034,0180,ZACATONAL (COLONIA ITURBIDE)
29,034,0181,LAS ARANDELAS
29,034,0183,LA RUEDA
29,034,0184,EL PORTILLO [RANCHO]
29,034,0192,DOS BARRANCAS
29,034,0193,EL POTRERO MAZAYOLO [RANCHO]
29,034,0194,LA VEGA
29,034,0195,EL JAZMIN
29,034,0201,EL POTRERO [RANCHO]
29,034,0204,CUAPEXCO
29,034,0206,EL FRESNO
29,034,0207,SOLTEPEC (RANCHO LOS GEMELOS) [GRANJA AVICOLA]
29,034,0208,SAN MATEO
29,034,0210,LOS LAURELES
29,034,0211,LA LOMA DEL CORTIJO
29,034,0214,NUEVO QUINTANILLA
29,034,0219,EL LIMON
29,034,0220,LA CIENEGUILLA
29,034,0222,BONIFACIO DIAZ
29,034,0223,EL DESIERTO
29,034,0232,LAS ANIMAS
29,034,0235,EL JAGÜEY
29,034,0236,CARLOS ROLDAN
29,034,0239,EL CATORCE
29,034,0244,EJIDO RIO BLANCO (EL DOCE)
29,034,0247,EL EMBARCADERO
29,034,0249,EL ESCORPION
29,034,0258,JUAN ANTONIO BURLE LOMELI
29,034,0262,CLEMENTE MUÑOZ
29,034,0263,EL LLANO
29,034,0264,EL VALLE
29,034,0267,LA LOMA DEL JARDIN
29,034,0268,EL MIRADOR
29,034,0269,EL NACIMIENTO
29,034,0270,OJO DE AGUA
29,034,0273,LA PARADA DEL CONEJO (LA CIENEGUILLA)
29,034,0274,EL PARAJE
29,034,0276,INGRID [POSADA ALPINA]
29,034,0286,RANCHO ESCONDIDO
29,034,0291,LOS CIRUELOS
29,034,0292,LOS SERRANO [RANCHO]
29,034,0293,SAN PABLO EL MIRADOR
29,034,0294,SANTA CRUZ [RANCHO]
29,034,0295,SANTA INES [RANCHO]
29,034,0296,SECO EL VIEJO [RANCHO]
29,034,0299,CAMPO DAVID [RANCHO]
29,034,0306,EL TINTERO
29,034,0307,TLAQUEXPA
29,034,0312,SANTA MARIA DE EL CARMEN
29,034,0314,LOS AZTECAS [RANCHO]
29,034,0317,LA TROJE
29,034,0322,LAS HUERTAS
29,034,0325,EL CALVARIO
29,034,0327,LUNADA PARK
29,034,0328,LUCIA LOPEZ
29,034,0332,SANTA MARIA [RANCHO]
29,034,0335,AGUA ESCONDIDA ZOTOLUCA
29,034,0342,LA BIZNAGUERA
29,034,0343,CRUZ VERDE [RANCHO CINEGETICO]
29,034,0344,CABAÑA RIVERA
29,034,0349,EL CHUPADERO
29,034,0352,EL DURAZNO (MEDIA LUNA)
29,034,0355,GABRIEL GARCIA
29,034,0359,HERMILA GONZALEZ
29,034,0360,JORGE CONDE LOPEZ
29,034,0364,SAN ISIDRO (MEDIA LUNA)
29,034,0365,LA MESA DEL CIELO
29,034,0367,LAS PALOMAS
29,034,0368,LA PALMA
29,034,0369,LOS PANCHOS
29,034,0370,METLA (LOS PINOS)
29,034,0371,EL PEDREGAL
29,034,0372,PIEDRA BLANCA
29,034,0373,LOS POLOS
29,034,0376,FRAGOSO [RANCHO]
29,034,0377,LA PIEDAD
29,034,0378,EL XOCHIO
29,034,0380,TABLON DE GUADALUPE PAYUCA [RANCHO]
29,034,0383,EL POTRILLO
29,034,0386,SAN JOSE EL ESCOMBRO
29,034,0387,SANTA CRUZ RANCHO SECO
29,034,0390,EL MIRADOR (TERESA RIVERA)
29,034,0391,TEZOYO (LA VIA)
29,034,0392,TIERRA NUEVA
29,034,0393,TLILTEPEC
29,034,0395,KILOMETRO 31
29,034,0396,JUAN ARROYO (SAN ISIDRO)
29,034,0397,EMILIO GUARNEROS CARRILLO
29,034,0398,MARIA REYES ESCOBAR
29,034,0399,SANTA CECILIA
29,034,0400,SANTO TOMAS
29,034,0407,EL COYOTE
29,034,0408,JOSE FAJARDO ARROYO
29,034,0410,ANTONIO RODRIGUEZ (LA RAYUELA)
29,034,0411,EL COMPADRE
29,034,0414,MARCELO MORALES
29,034,0415,LA NOPALERA
29,034,0416,LOS PINOS (ISRAEL OLVERA DE JESUS)
29,034,0417,RANCHITO AVILA
29,034,0418,RANCHO ALEGRE
29,034,0419,RANCHO DE LOS DOMINGUEZ
29,034,0420,LOS TRES COMPADRES [RANCHO]
29,034,0421,SAN JOSE EL MANANTIAL (RANCHO VILLORDO)
29,034,0422,LAS JACARANDAS [RANCHO]
29,034,0423,SAN ISIDRO
29,034,0424,CASA GOYRI
29,034,0425,LA ARDILLA
29,034,0426,LA TRONQUERA
29,034,0429,TOTOLIXI
29,034,0431,LA PRADERA DEL POTRO
29,034,0432,LA SOLEDAD
29,034,0433,LOS OLIVOS
29,034,0434,SANTA ELENA
29,034,0435,SANTA MARIA DE GUADALUPE
29,034,0436,LA LOMA
29,034,0437,XICOHTENCATL III [CIUDAD INDUSTRIAL]
29,034,0438,LA SOLEDAD (EL CARRIL)
29,034,0439,JACQUES RIVERA [RANCHO]
29,034,0440,LOS PACHER [RANCHO]
29,034,0441,LOS QUERUBES [RANCHO]
29,034,0442,EL LINDERO
29,034,0443,EL CORTIJO
29,034,0444,EL TEJOCOTE
29,034,0445,LA NUEVA LOMA
29,034,0446,LA PONDEROSA
29,034,0447,LA PROVIDENCIA
29,034,0448,TRES POTRILLOS
29,034,0449,SANTA CRUZ
29,034,0450,SOTO
29,035,0001,TOCATLAN
29,035,0003,ACOCOTLA
29,035,0004,LA CAÑADA
29,035,0005,SANTA CRUZ [RANCHO]
29,035,0006,EL SABINAL
29,036,0001,SAN JUAN TOTOLAC
29,036,0002,ACXOTLA DEL RIO
29,036,0003,LA CANDELARIA TEOTLALPAN
29,036,0005,LOS REYES QUIAHUIXTLAN
29,036,0006,SAN FRANCISCO OCOTELULCO
29,036,0007,SAN MIGUEL TLAMAHUCO
29,036,0008,SANTIAGO TEPETICPAC
29,036,0009,LA TRINIDAD CHIMALPA
29,036,0010,CERRO DEL METECATZI
29,036,0013,ZARAGOZA
29,036,0016,LA NOPALERA
29,036,0017,EL TRAILERO [RANCHO]
29,037,0001,ZITLALTEPEC
29,037,0002,COLONIA FRANCISCO JAVIER MINA
29,037,0004,SAN JUAN BAUTISTA MIER
29,037,0005,EX-HACIENDA SAN JUAN BAUTISTA
29,037,0010,EL LINDERO
29,037,0013,SAN BERNARDINO [RANCHO]
29,037,0016,GUADALUPE LOS CAPULINES
29,037,0019,BARRANCA DE SAN NICOLAS
29,037,0023,JULIAN DE LA CRUZ RAMIREZ (RANCHO LA LOMA)
29,037,0024,GUADALUPE (EJIDO DEL RINCON ZITLALTEPEC) [RANCHO]
29,038,0001,TZOMPANTEPEC
29,038,0002,SAN ANDRES AHUASHUATEPEC
29,038,0004,SAN JUAN QUETZALCOAPAN
29,038,0005,SAN MATEO INOPHIL
29,038,0006,XALTIANQUISCO
29,038,0013,BUENA VISTA [RANCHO]
29,038,0014,AMOLTEPEC [RANCHO]
29,038,0021,LA PROVIDENCIA LAS HUERTAS [RANCHO]
29,038,0026,CRUZTITLA (COYOECA) [RANCHO]
29,038,0027,EL LLANO
29,038,0028,MAZAPA (RANCHO LOS JUANES)
29,038,0030,CUAYECATL
29,038,0031,LUCAS FLORES
29,038,0032,FRACCIONAMIENTO EL DIVINO SALVADOR
29,038,0033,SAN JOSE EL POTRERO
29,039,0001,XALOZTOC
29,039,0002,SAN PEDRO TLACOTEPEC
29,039,0003,GUADALUPE TEXMOLAC
29,039,0005,COLONIA VELAZCO
29,039,0006,COLONIA VENUSTIANO CARRANZA
29,039,0007,SANTA CRUZ ZACATZONTETLA
29,039,0008,COLONIA JOSE LOPEZ PORTILLO
29,039,0010,LA CONCEPCION
29,039,0011,LA COLMENA
29,039,0012,LOS CORRALES
29,039,0014,EL JAGÜEY PRIETO
29,039,0015,SAN JOSE OCOTITLA
29,039,0019,NICOLAS BRAVO [GRANJA AVICOLA]
29,039,0021,QUIMICHO
29,039,0022,SAN PEDRO [RANCHO]
29,039,0023,SAN ISIDRO [RANCHO]
29,039,0024,LAS BRISAS
29,039,0025,SAN FERNANDO [RANCHO]
29,039,0026,FLORENCIA SANCHEZ NAVA
29,039,0027,CELINO SANCHEZ CONDE
29,039,0029,LOS PINOS [RANCHO]
29,039,0030,JOSE PILAR [RANCHO]
29,039,0031,R77 [RANCHO]
29,039,0032,SAN JUAN [RANCHO]
29,039,0033,EL SEÑOR DE CHALMA [RANCHO]
29,039,0034,LA CANDELARIA
29,039,0035,FDX [RANCHO]
29,040,0001,XALTOCAN
29,040,0004,LA ASCENSION HUITZCOLOTEPEC
29,040,0006,LAS MESAS [COLONIA]
29,040,0007,LA RETAMA
29,040,0010,SAN SIMON TLATLAHUQUITEPEC
29,040,0011,SANTA BARBARA ACUICUIZCATEPEC
29,040,0013,TOPILCO DE JUAREZ
29,040,0014,SAN JOSE TEXOPA
29,040,0016,CUATLA
29,040,0018,ATZACOALCO
29,040,0020,AGUA BENDITA
29,040,0025,SAN JOAQUIN
29,040,0036,CINCO SANTOS
29,040,0038,ERNESTO RAMIREZ FLORES (RANCHO PARAISO)
29,040,0039,VALENTIN FLORES HERNANDEZ
29,040,0041,LA LAGUNA
29,040,0044,NUEVA AMPLIACION ADOLFO RUIZ CORTINEZ
29,040,0045,NUEVA AMPLIACION CAMINO A XALTOCAN
29,040,0046,ORCASITAS
29,040,0048,ALVA [RANCHO]
29,040,0049,ZARATE [RANCHO]
29,040,0050,ROBERTO DURAN
29,040,0051,RUBEN SANCHEZ
29,040,0053,CAÑADA DE CHIPILA
29,040,0054,RANCHO ALEGRE
29,040,0055,SAN PEDRO
29,040,0057,MARIA EUGENIA GARCIA (EL CERRO)
29,040,0058,SAN ISIDRO
29,040,0059,ZOZOQUITLA
29,040,0060,LOMAS DE RUBI
29,040,0061,LOS ARRIETA [RANCHO]
29,040,0062,LA TABLA
29,040,0063,SAN MIGUEL LA PRESA
29,041,0001,PAPALOTLA
29,041,0002,PANZACOLA
29,041,0004,SAN MARCOS CONTLA
29,041,0014,EL PIECITO
29,041,0015,SAN DIEGO BUENAVISTA
29,041,0016,TEPIZILA
29,041,0018,COPACHIGIA
29,041,0019,ZACATECOMA
29,041,0020,EL POZO
29,042,0001,XICOHTZINCO
29,043,0001,SAN DIONISIO YAUHQUEMEHCAN
29,043,0002,EL ROSARIO OCOTOXCO
29,043,0003,SAN BENITO XALTOCAN
29,043,0004,SAN FRANCISCO TLACUILOHCAN
29,043,0005,SAN LORENZO TLACUALOYAN
29,043,0006,SANTA MARIA ATLIHUETZIAN
29,043,0007,SANTA URSULA ZIMATEPEC
29,043,0008,SAN JOSE TETEL
29,043,0011,HUALCALTZINCO
29,043,0019,CUARTA SECCION
29,043,0020,TLATELPA
29,043,0021,LA SOLEDAD (EL CHARCO) [RANCHO]
29,043,0022,SERAFIN SANCHEZ GARCIA
29,043,0023,EL LLANO
29,043,0024,TEPETEXCO
29,043,0025,CIUDAD JUDICIAL
29,043,0026,EL LLANO DOS
29,043,0027,LAS ROCAS [RANCHO]
29,043,0028,JAGÜEY PRIETO
29,044,0001,ZACATELCO
29,044,0007,DOMINGO ARENAS
29,044,0008,CAMPO DOLORES
29,044,0009,SANTA ELENA
29,044,0014,LAS LAMAS
29,044,0015,EL POTRERO
29,044,0018,TLATELPA
29,044,0019,LA BOLSA
29,044,0021,CUACUALOYA [RANCHO]
29,045,0001,BENITO JUAREZ
29,045,0004,JAGÜEY DE NOVILLOS
29,045,0006,AMPLIACION LOS PINOS
29,045,0007,ROBERTO BLANCAS
29,045,0009,LA LOMA
29,045,0010,CINCO HILOS
29,045,0011,LOS CARLOS [RANCHO]
29,045,0012,RANCHO ALEGRE (LA ALBORADA)
29,045,0013,NCP ALVARO OBREGON
29,046,0001,EMILIANO ZAPATA
29,046,0002,AHILITLA
29,046,0005,EL CAPULITIC
29,046,0006,EL CIPRES
29,046,0007,COLONIA GUSTAVO DIAZ ORDAZ
29,046,0008,CUAHUTOTOL
29,046,0009,LOS ENCINOS
29,046,0010,LOMA DE VACAS
29,046,0011,EL MIRADOR
29,046,0012,ATOTONILCO
29,046,0013,COAMILA [RANCHO]
29,046,0014,CRUZ VERDE [RANCHO]
29,046,0015,EL EPAZOTE [RANCHO]
29,046,0016,GUARDAMONTE [RANCHO]
29,046,0017,LAS PALOMAS [RANCHO]
29,046,0018,OJO DE AGUA [RANCHO]
29,046,0019,SAN NICOLAS [RANCHO]
29,046,0020,TRES RIOS [RANCHO]
29,046,0021,VISTA HERMOSA [RANCHO]
29,046,0022,TECOAQUILLO
29,046,0023,TIPITZILA
29,046,0024,TLAXIMALOYA (LA AMAPOLA)
29,046,0025,ANTONIO DIAZ
29,046,0028,FRACCION EL DURAZNO
29,046,0030,LA MANCERA
29,046,0031,EL TEJOCOTE
29,046,0032,LA LOMA
29,046,0035,LA VENTA
29,046,0037,SAN ISIDRO [RANCHO]
29,046,0038,LA CAÑADA
29,046,0039,LA MONERA (LA PERA)
29,047,0001,LAZARO CARDENAS
29,047,0002,EL CIERVO
29,047,0003,CUATRO MILPAS
29,047,0005,EX-HACIENDA LA LAGUNA
29,047,0006,ATLIXTACA [RANCHO]
29,047,0007,LA MANCERA [RANCHO]
29,047,0008,MARIBEL [RANCHO]
29,047,0009,SAN JOSE DE LA LAGUNA
29,047,0010,EL PALOMAR
29,047,0012,RANCHO ESCONDIDO
29,047,0013,VICTOR CARMONA
29,048,0001,LA MAGDALENA TLALTELULCO
29,049,0001,SAN DAMIAN TEXOLOC
29,049,0003,HUIXOCOLA
29,049,0004,LUIS ECHEVERRIA ALVAREZ
29,049,0006,TLAXALA
29,050,0001,SAN FRANCISCO TETLANOHCAN
29,050,0002,MALINTZI [CENTRO VACACIONAL]
29,050,0003,ACHICHIHUALOYA
29,050,0004,EX-RANCHO DE GUADALUPE
29,050,0007,MALINTZI [VIVERO]
29,050,0009,ELIZABETH PACHECO ROMERO
29,050,0011,SAN MIGUEL [RANCHO]
29,050,0012,EXTRANJEROZTLA
29,050,0013,HUEXOTITLAN
29,051,0001,SAN JERONIMO ZACUALPAN
29,051,0002,LA HERRADURA [RANCHO]
29,051,0004,TECOAC
29,051,0006,UNA FLOR EN EL PANTANO
29,052,0001,SAN JOSE TEACALCO
29,052,0006,EL ENCINAL DOS DE MAYO
29,052,0007,EX-RANCHO SAN NICOLAS CUATLAPANGA
29,052,0008,SAN RAFAEL [RANCHO]
29,052,0009,LOS PIRULES
29,052,0011,COLONIA ECOLOGICA
29,052,0012,SAN LUIS
29,052,0013,SAN PEDRO MARTIR
29,052,0014,EL DURAZNO
29,052,0015,ALTOS DE MESA
29,052,0016,DOLORES
29,052,0018,EL TECOLOTE [RANCHO]
29,052,0019,LA CONCEPCION
29,052,0020,YOLICAN MALINTZI
29,053,0001,SAN JUAN HUACTZINCO
29,053,0007,MILPA ALTA
29,053,0009,EL CERRITO ATLANTEPEC
29,054,0001,SAN LORENZO AXOCOMANITLA
29,054,0002,EL RANCHO
29,055,0001,SAN LUCAS TECOPILCO
29,055,0002,LAS CAÑADAS
29,055,0005,EL RELICARIO
29,055,0006,SAN JOSE ROSASTITLA
29,055,0008,LOMA BONITA
29,055,0009,TLAXCANTITLA
29,055,0010,TOLTECAPA
29,055,0011,XILOMANTLA
29,055,0013,EL LLANO
29,055,0014,CAUATLA
29,055,0015,LAS CAÑADAS
29,055,0016,MAXIMINO (EL LLANO)
29,055,0018,EL RANCHITO
29,055,0019,LOS ALAMOS
29,055,0023,EL TEJOCOTE
29,055,0025,LOS MAGUEYALES
29,056,0001,SANTA ANA NOPALUCAN
29,056,0004,SAN IGNACIO [RANCHO]
29,057,0001,SANTA APOLONIA TEACALCO
29,057,0011,LA BESANA DEL PUENTE (ACUILCO)
29,057,0013,LA CAPILLA
29,058,0001,SANTA CATARINA AYOMETLA
29,058,0002,PALULA
29,059,0001,SANTA CRUZ QUILEHTLA
29,059,0002,AYOMETITLA
29,059,0003,POTRERO
29,059,0004,SCHNEIDER ELECTRIC MEXICO [FABRICA]
29,059,0005,CHIMALPA [RANCHO]
29,060,0001,SANTA ISABEL XILOXOXTLA
